{"train_losses": [0.3534881792962551, 0.32152566569414454, 0.30895984071261257, 0.30007623472500605, 0.28898773735512573, 0.2808546402043413, 0.27119683753323315, 0.26253720714525464, 0.25400458651162705, 0.24586412495147084, 0.2345015688925466, 0.19661851788291262, 0.1821220366508359, 0.17262741916944468, 0.15906287428603563, 0.15395024111333386, 0.15144987024617068, 0.14959697185570014, 0.14772621594726373, 0.1480733853818428, 0.14795167480114987, 0.14747715496111888, 0.14560752803813892, 0.1466444842074528, 0.146247335828261], "val_losses": [0.3135554141265686, 0.3236981729372949, 0.2899392288081584, 0.28507461106399296, 0.2999293106605409, 0.28011127924841833, 0.2868072322234297, 0.2674827908404622, 0.2757607127644487, 0.28952434989019843, 0.2754583784413956, 0.2814072773740855, 0.2962828699263183, 0.3116877367650226, 0.31970779794544757, 0.32682722962168864, 0.3335959488187812, 0.33300268489126683, 0.33591786444466293, 0.3273920083080314, 0.34402137566196817, 0.34121567738008945, 0.33705660185162034, 0.3291527816354799, 0.3388039381857908], "train_accuracies": [85.0725159895505, 86.53364561751194, 87.1651202594361, 87.5056301234123, 87.94613097919107, 88.3181695342762, 88.68750563012341, 89.06134582470048, 89.36672371858391, 89.69822538510044, 90.05314836501216, 91.51878209170346, 92.14395099540582, 92.46644446446265, 93.1303486172417, 93.27808305558058, 93.45194126655257, 93.61048554184308, 93.55643635708495, 93.6185929195568, 93.54472570038735, 93.63751013422214, 93.62579947752455, 93.63660931447617, 93.62670029727052], "val_accuracies": [86.88022484865955, 86.91445661573941, 87.8675410781205, 88.01527817814932, 87.19371576823292, 88.13599019890458, 87.42613144998559, 88.82242721245315, 88.7449553185356, 88.57739982703949, 89.00799942346498, 88.91431248198327, 88.7017151916979, 88.54496973191121, 88.75036033439031, 88.44767944652638, 88.23868550014413, 88.37381089651197, 88.68009512827905, 88.75036033439031, 88.89629576246757, 88.39543095993082, 88.72874027097146, 88.52334966849236, 88.87467569904872]}