{"train_acc_history": [0.9551434787112815, 0.9572108693400114, 0.9584269814745585, 0.9593007805638256, 0.9595485071097518, 0.959998919011436, 0.9603142073426149, 0.9607871398393831, 0.9610033375521915, 0.9614357329778082, 0.9617465171899702, 0.9620573014021323, 0.9624491597565974, 0.9624806885897152, 0.963111265252073, 0.9637283295573802, 0.9633725041550498, 0.9651471270476851, 0.9655975389493692, 0.9656110513064197, 0.9659848931848175, 0.9662551403258279, 0.9659308437566154, 0.9663452227061647, 0.96665150279931], "train_loss_history": [0.13267895228329982, 0.1232817481115671, 0.11913447722140454, 0.11677458695379388, 0.11452654920391103, 0.11307018058255032, 0.11173420653930219, 0.1105132387126598, 0.10940644644269873, 0.1086745981952755, 0.10766279498353933, 0.10681361093828727, 0.10593951212207588, 0.10516273451117812, 0.10522751967740927, 0.10414006007740828, 0.10353633844825172, 0.0981639890724364, 0.0971068020275974, 0.09651820208235695, 0.09625587450409734, 0.0957021892022633, 0.095436787397832, 0.09510442059183083, 0.09456040327559642], "val_acc_history": [0.9582740293667237, 0.9588865867939825, 0.9590127015584181, 0.9604359967570489, 0.9582560129718043, 0.960868390235114, 0.9616250788217278, 0.9620574722997928, 0.9628141608864066, 0.9635168002882624, 0.9629402756508423, 0.9632825871543105, 0.9610485541843077, 0.9636789478425367, 0.9639131609764886, 0.9632825871543105, 0.9625799477524547, 0.9667237185839114, 0.9665255382397983, 0.9667777677686695, 0.9668858661381857, 0.9660571119718945, 0.9669399153229439, 0.9673182596162508, 0.9670660300873796], "val_loss_history": [0.12096543352611, 0.1203976251887648, 0.12069042934623778, 0.11111061452648767, 0.12009861777674914, 0.10820499029248462, 0.11137830620520331, 0.10603435334389022, 0.10587055220221434, 0.10395161777093125, 0.1056481671957763, 0.1023341591917022, 0.10772624545651034, 0.101897501776631, 0.10837747219424104, 0.10443348984585808, 0.10945993367243287, 0.09577345187699363, 0.09619493483544019, 0.09518755235045721, 0.09436818408545648, 0.09626606530369364, 0.09350201694487602, 0.09315099801907463, 0.09323753152811444]}